,feature,importance,fold
0,Unnamed: 0,24,1
1,feature_1high,7,1
2,feature_2high,13,1
3,feature_3high,12,1
4,elapsed_timehigh,1,1
5,first_active_year,0,1
6,hist_transactions_count,16,1
7,hist_category_1_sumhigh,22,1
8,hist_category_1_meanhigh,10,1
9,hist_category_2_1.0_mean,8,1
10,hist_category_2_2.0_mean,0,1
11,hist_category_2_3.0_mean,2,1
12,hist_category_2_4.0_mean,0,1
13,hist_category_2_5.0_mean,1,1
14,hist_category_3_A_mean,1,1
15,hist_category_3_B_mean,7,1
16,hist_category_3_C_mean,3,1
17,hist_merchant_id_nuniquehigh,2,1
18,hist_merchant_category_id_nuniquehigh,1,1
19,hist_state_id_nuniquehigh,3,1
20,hist_city_id_nuniquehigh,0,1
21,hist_subsector_id_nuniquehigh,6,1
22,hist_purchase_amount_sumhigh,27,1
23,hist_purchase_amount_meanhigh,15,1
24,hist_purchase_amount_maxhigh,6,1
25,hist_purchase_amount_minhigh,12,1
26,hist_purchase_amount_stdhigh,13,1
27,hist_installments_sumhigh,15,1
28,hist_installments_meanhigh,7,1
29,hist_installments_maxhigh,3,1
30,hist_installments_minhigh,0,1
31,hist_installments_stdhigh,7,1
32,hist_purchase_date_ptp,10,1
33,hist_purchase_date_minhigh,16,1
34,hist_purchase_date_maxhigh,16,1
35,hist_month_lag_meanhigh,6,1
36,hist_month_lag_maxhigh,0,1
37,hist_month_lag_minhigh,4,1
38,hist_month_lag_std,25,1
39,hist_month_diff_meanhigh,18,1
40,hist_purchase_year_nunique,0,1
41,hist_purchase_month_nunique,4,1
42,hist_purchase_hour_0_mean,3,1
43,hist_purchase_hour_1_mean,11,1
44,hist_purchase_hour_2_mean,8,1
45,hist_purchase_hour_3_mean,9,1
46,auth_transactions_count,5,1
47,auth_category_1_sum,20,1
48,auth_category_1_mean,6,1
49,auth_category_2_1.0_mean,0,1
50,auth_category_2_2.0_mean,0,1
51,auth_category_2_3.0_mean,3,1
52,auth_category_2_4.0_mean,0,1
53,auth_category_2_5.0_mean,1,1
54,auth_category_3_A_mean,0,1
55,auth_category_3_B_mean,2,1
56,auth_category_3_C_mean,1,1
57,auth_merchant_id_nunique,26,1
58,auth_merchant_category_id_nunique,8,1
59,auth_state_id_nunique,0,1
60,auth_city_id_nunique,7,1
61,auth_subsector_id_nunique,2,1
62,auth_purchase_amount_sum,13,1
63,auth_purchase_amount_mean,15,1
64,auth_purchase_amount_max,11,1
65,auth_purchase_amount_min,23,1
66,auth_purchase_amount_std,22,1
67,auth_installments_sum,2,1
68,auth_installments_mean,2,1
69,auth_installments_max,1,1
70,auth_installments_min,1,1
71,auth_installments_std,1,1
72,auth_purchase_date_ptp,28,1
73,auth_purchase_date_min,19,1
74,auth_purchase_date_max,8,1
75,auth_month_lag_mean,17,1
76,auth_month_lag_max,0,1
77,auth_month_lag_min,0,1
78,auth_month_lag_std,24,1
79,auth_month_diff_mean,17,1
80,auth_purchase_year_nunique,0,1
81,auth_purchase_month_nunique,30,1
82,auth_purchase_hour_0_mean,0,1
83,auth_purchase_hour_1_mean,12,1
84,auth_purchase_hour_2_mean,6,1
85,auth_purchase_hour_3_mean,0,1
86,new_transactions_count,0,1
87,new_category_1_sum,4,1
88,new_category_1_meansmpl,7,1
89,new_category_2_1.0_mean,0,1
90,new_category_2_2.0_mean,0,1
91,new_category_2_3.0_mean,0,1
92,new_category_2_4.0_mean,0,1
93,new_category_2_5.0_mean,1,1
94,new_category_3_A_mean,0,1
95,new_category_3_B_mean,9,1
96,new_category_3_C_mean,0,1
97,new_merchant_id_nuniquesmpl,2,1
98,new_merchant_category_id_nuniquesmpl,4,1
99,new_state_id_nunique,3,1
100,new_city_id_nunique,0,1
101,new_subsector_id_nuniquesmpl,3,1
102,new_purchase_amount_sumsmpl,5,1
103,new_purchase_amount_meansmpl,2,1
104,new_purchase_amount_maxsmpl,28,1
105,new_purchase_amount_minsmpl,7,1
106,new_purchase_amount_std,16,1
107,new_installments_sumsmpl,2,1
108,new_installments_meansmpl,1,1
109,new_installments_maxsmpl,1,1
110,new_installments_min,0,1
111,new_installments_std,4,1
112,new_purchase_date_ptp,38,1
113,new_purchase_date_minsmpl,5,1
114,new_purchase_date_maxsmpl,12,1
115,new_month_lag_meansmpl,41,1
116,new_month_lag_maxsmpl,1,1
117,new_month_lag_minsmpl,1,1
118,new_month_lag_std,5,1
119,new_month_diff_meansmpl,0,1
120,new_purchase_year_nunique,0,1
121,new_purchase_month_nunique,0,1
122,new_purchase_hour_0_mean,2,1
123,new_purchase_hour_1_mean,0,1
124,new_purchase_hour_2_mean,2,1
125,new_purchase_hour_3_mean,0,1
126,month_lag_meansmpl,15,1
127,month_lag_std,11,1
128,purchase_amount_count_mean,15,1
129,purchase_amount_count_std,3,1
130,purchase_amount_sum_mean,5,1
131,purchase_amount_sum_std,1,1
132,purchase_amount_mean_mean,12,1
133,purchase_amount_mean_std,8,1
134,purchase_amount_min_mean,9,1
135,purchase_amount_min_std,12,1
136,purchase_amount_max_mean,29,1
137,purchase_amount_max_std,14,1
138,purchase_amount_std_mean,19,1
139,purchase_amount_std_std,29,1
140,installments_sum_mean,4,1
141,installments_sum_std,4,1
142,installments_mean_mean,0,1
143,installments_mean_std,1,1
144,installments_min_mean,3,1
145,installments_min_std,3,1
146,installments_max_mean,0,1
147,installments_max_std,0,1
148,installments_std_mean,2,1
149,installments_std_std,2,1
150,authorized_flag_mean,32,1
151,category_1_purchase_amount_mean,2,1
152,category_1_purchase_amount_min,11,1
153,category_1_purchase_amount_max,7,1
154,category_1_purchase_amount_std,1,1
155,installments_purchase_amount_mean,8,1
156,installments_purchase_amount_min,22,1
157,installments_purchase_amount_max,10,1
158,installments_purchase_amount_std,4,1
159,city_id_purchase_amount_mean,12,1
160,city_id_purchase_amount_min,11,1
161,city_id_purchase_amount_max,20,1
162,city_id_purchase_amount_std,9,1
163,category_1_installments_mean,1,1
164,category_1_installments_min,2,1
165,category_1_installments_max,1,1
166,category_1_installments_std,2,1
167,hist_month_nuniquesmpl,8,1
168,hist_month_meansmpl,7,1
169,hist_month_minsmpl,0,1
170,hist_month_maxsmpl,0,1
171,hist_hour_nuniquesmpl,0,1
172,hist_hour_meansmpl,16,1
173,hist_hour_minsmpl,0,1
174,hist_hour_maxsmpl,0,1
175,hist_weekofyear_nuniquesmpl,13,1
176,hist_weekofyear_meansmpl,8,1
177,hist_weekofyear_minsmpl,0,1
178,hist_weekofyear_maxsmpl,2,1
179,hist_dayofweek_nunique,0,1
180,hist_dayofweek_mean,8,1
181,hist_dayofweek_min,0,1
182,hist_dayofweek_max,0,1
183,hist_purchase_amount_varsmpl,7,1
184,hist_installments_varsmpl,7,1
185,hist_purchase_date_nunique,1,1
186,hist_month_lag_varsmpl,11,1
187,hist_month_lag_nunique,12,1
188,hist_month_diff_minsmpl,0,1
189,hist_month_diff_maxsmpl,0,1
190,hist_month_diff_varsmpl,5,1
191,hist_month_diff_nunique,0,1
192,hist_authorized_flag_nunique,0,1
193,hist_weekend_sum,2,1
194,hist_weekend_meansmpl,3,1
195,hist_weekend_nunique,0,1
196,hist_year_nunique,0,1
197,hist_year_mean,1,1
198,hist_category_1_min,0,1
199,hist_category_1_max,0,1
200,hist_category_1_nunique,0,1
201,hist_category_1_std,15,1
202,hist_category_2_sum,2,1
203,hist_category_2_meansmpl,5,1
204,hist_category_2_min,0,1
205,hist_category_2_nunique,0,1
206,hist_category_2_std,3,1
207,hist_category_3_sum,10,1
208,hist_category_3_meansmpl,3,1
209,hist_category_3_min,1,1
210,hist_category_3_nunique,0,1
211,hist_category_3_std,8,1
212,hist_card_id_sizesmpl,3,1
213,hist_category_2_mean_meansmpl,11,1
214,hist_category_3_mean_meansmpl,12,1
215,hist_purchase_date_diffsmpl,20,1
216,hist_purchase_date_averagesmpl,10,1
217,hist_purchase_date_uptonowsmpl,12,1
218,hist_purchase_date_uptominsmpl,4,1
219,new_hist_merchant_id_nunique,0,1
220,new_hist_month_mean,2,1
221,new_hist_month_min,0,1
222,new_hist_month_max,0,1
223,new_hist_hour_nunique,3,1
224,new_hist_hour_mean,1,1
225,new_hist_hour_min,2,1
226,new_hist_hour_max,2,1
227,new_hist_weekofyear_nunique,1,1
228,new_hist_weekofyear_mean,2,1
229,new_hist_weekofyear_min,3,1
230,new_hist_weekofyear_max,8,1
231,new_hist_dayofweek_nunique,0,1
232,new_hist_dayofweek_mean,8,1
233,new_hist_dayofweek_min,0,1
234,new_hist_dayofweek_max,0,1
235,new_hist_purchase_amount_sum,10,1
236,new_hist_purchase_amount_max,36,1
237,new_hist_purchase_amount_min,5,1
238,new_hist_purchase_amount_mean,6,1
239,new_hist_purchase_amount_var,8,1
240,new_hist_purchase_amount_std,12,1
241,new_hist_installments_var,3,1
242,new_hist_purchase_date_max,8,1
243,new_hist_purchase_date_min,7,1
244,new_hist_purchase_date_nunique,1,1
245,new_hist_month_lag_var,2,1
246,new_hist_month_diff_mean,0,1
247,new_hist_month_diff_max,0,1
248,new_hist_month_diff_min,0,1
249,new_hist_month_diff_var,1,1
250,new_hist_month_diff_nunique,0,1
251,new_hist_weekend_sum,0,1
252,new_hist_weekend_mean,1,1
253,new_hist_weekend_nunique,0,1
254,new_hist_year_mean,0,1
255,new_hist_category_1_min,0,1
256,new_hist_category_1_nunique,0,1
257,new_hist_category_2_sum,2,1
258,new_hist_category_2_mean,1,1
259,new_hist_category_2_min,1,1
260,new_hist_category_2_nunique,0,1
261,new_hist_category_3_sum,1,1
262,new_hist_category_3_mean,0,1
263,new_hist_category_3_min,0,1
264,new_hist_category_3_nunique,0,1
265,new_hist_category_2_mean_mean,1,1
266,new_hist_category_3_mean_mean,5,1
267,new_hist_purchase_date_diff,13,1
268,new_hist_purchase_date_average,23,1
269,new_hist_purchase_date_uptonow,8,1
270,new_hist_purchase_date_uptomin,7,1
271,dayofyear,5,1
272,is_month_start,0,1
273,hist_first_buysmpl,6,1
274,hist_last_buysmpl,28,1
275,new_hist_first_buy,4,1
276,new_hist_last_buy,13,1
277,card_id_totalsmpl,3,1
278,purchase_amount_totalsmpl,10,1
279,purchase_amount_meansmpl,6,1
280,purchase_amount_maxsmpl,10,1
281,feature_1,0,1
282,feature_2,0,1
283,feature_3,0,1
284,elapsed_time,2,1
285,days_feature1,20,1
286,days_feature2,13,1
287,days_feature3,15,1
288,days_feature1_ratio,21,1
289,days_feature2_ratio,10,1
290,days_feature3_ratio,2,1
291,feature_sum,0,1
292,feature_mean,0,1
293,feature_max,0,1
294,feature_min,0,1
295,feature_var,0,1
296,hist_subsector_id_nunique,0,1
297,hist_merchant_id_nunique,11,1
298,hist_merchant_category_id_nunique,4,1
299,hist_weekday_mean,5,1
300,hist_day_nunique,1,1
301,hist_day_mean,0,1
302,hist_day_min,0,1
303,hist_month_sin_nunique,3,1
304,hist_month_sin_mean,0,1
305,hist_hour_sin_nunique,0,1
306,hist_hour_sin_mean,12,1
307,hist_weekofyear_sin_nunique,8,1
308,hist_weekofyear_sin_mean,1,1
309,hist_weekday_sin_nunique,0,1
310,hist_weekday_sin_mean,14,1
311,hist_day_sin_mean,0,1
312,hist_month_cos_nunique,4,1
313,hist_month_cos_mean,9,1
314,hist_hour_cos_nunique,0,1
315,hist_hour_cos_mean,17,1
316,hist_weekofyear_cos_nunique,4,1
317,hist_weekofyear_cos_mean,21,1
318,hist_weekday_cos_nunique,0,1
319,hist_weekday_cos_mean,24,1
320,hist_day_cos_nunique,1,1
321,hist_day_cos_mean,0,1
322,hist_purchase_amount_sum,1,1
323,hist_purchase_amount_max,0,1
324,hist_purchase_amount_min,0,1
325,hist_purchase_amount_mean,1,1
326,hist_purchase_amount_skew,0,1
327,hist_installments_sum,7,1
328,hist_installments_max,0,1
329,hist_installments_mean,2,1
330,hist_installments_skew,3,1
331,hist_purchase_date_max,11,1
332,hist_purchase_date_min,19,1
333,hist_month_lag_max,0,1
334,hist_month_lag_min,1,1
335,hist_month_lag_mean,22,1
336,hist_month_lag_skew,5,1
337,hist_month_diff_mean,10,1
338,hist_month_diff_skew,3,1
339,hist_category_1_mean,17,1
340,hist_price_sum,7,1
341,hist_price_mean,1,1
342,hist_price_max,0,1
343,hist_price_min,0,1
344,hist_price_var,12,1
345,hist_Christmas_Day_2017_mean,3,1
346,hist_Mothers_Day_2017_mean,7,1
347,hist_fathers_day_2017_mean,14,1
348,hist_Children_day_2017_mean,6,1
349,hist_Valentine_Day_2017_mean,3,1
350,hist_Black_Friday_2017_mean,0,1
351,hist_Mothers_Day_2018_mean,2,1
352,hist_duration_mean,4,1
353,hist_duration_min,2,1
354,hist_duration_max,0,1
355,hist_duration_var,6,1
356,hist_duration_skew,8,1
357,hist_amount_month_ratio_mean,8,1
358,hist_amount_month_ratio_min,0,1
359,hist_amount_month_ratio_max,0,1
360,hist_amount_month_ratio_var,6,1
361,hist_amount_month_ratio_skew,5,1
362,new_month_mean,1,1
363,new_hour_mean,0,1
364,new_weekofyear_mean,4,1
365,new_weekday_mean,5,1
366,new_day_nunique,0,1
367,new_day_mean,37,1
368,new_day_min,18,1
369,new_day_max,3,1
370,new_month_sin_mean,4,1
371,new_hour_sin_nunique,0,1
372,new_hour_sin_mean,17,1
373,new_weekofyear_sin_nunique,0,1
374,new_weekofyear_sin_mean,14,1
375,new_weekday_sin_nunique,0,1
376,new_weekday_sin_mean,4,1
377,new_day_sin_mean,15,1
378,new_month_cos_mean,13,1
379,new_hour_cos_nunique,1,1
380,new_hour_cos_mean,20,1
381,new_weekofyear_cos_nunique,1,1
382,new_weekofyear_cos_mean,17,1
383,new_weekday_cos_nunique,0,1
384,new_weekday_cos_mean,4,1
385,new_day_cos_nunique,0,1
386,new_day_cos_mean,5,1
387,new_purchase_amount_var,0,1
388,new_purchase_amount_skew,0,1
389,new_installments_var,3,1
390,new_installments_skew,2,1
391,new_month_lag_var,3,1
392,new_month_lag_skew,10,1
393,new_month_diff_var,1,1
394,new_month_diff_skew,1,1
395,new_weekend_mean,1,1
396,new_category_2_mean,1,1
397,new_category_3_mean,0,1
398,new_price_mean,1,1
399,new_price_max,0,1
400,new_price_min,1,1
401,new_price_var,3,1
402,new_Christmas_Day_2017_mean,7,1
403,new_Children_day_2017_mean,2,1
404,new_Black_Friday_2017_mean,2,1
405,new_Mothers_Day_2018_mean,8,1
406,new_duration_mean,0,1
407,new_duration_min,0,1
408,new_duration_max,0,1
409,new_duration_var,1,1
410,new_duration_skew,2,1
411,new_amount_month_ratio_mean,0,1
412,new_amount_month_ratio_min,0,1
413,new_amount_month_ratio_max,0,1
414,new_amount_month_ratio_var,4,1
415,new_amount_month_ratio_skew,0,1
416,new_category_2_mean_mean,0,1
417,new_category_3_mean_mean,0,1
418,new_purchase_date_average,22,1
419,new_purchase_date_uptonow,15,1
420,new_purchase_date_uptomin,9,1
421,card_id_cnt_ratio,16,1
422,purchase_amount_min,0,1
423,purchase_amount_ratio,10,1
424,month_diff_mean,3,1
425,month_diff_ratio,17,1
426,month_lag_max,0,1
427,month_lag_min,2,1
428,category_1_mean,19,1
429,installments_total,2,1
430,installments_mean,1,1
431,installments_max,2,1
432,installments_ratio,9,1
433,price_total,1,1
434,price_mean,1,1
435,price_max,1,1
436,duration_mean,6,1
437,duration_min,0,1
438,duration_max,0,1
439,amount_month_ratio_mean,3,1
440,amount_month_ratio_min,1,1
441,amount_month_ratio_max,0,1
442,new_CLV,12,1
443,hist_CLV,3,1
444,CLV_ratio,14,1
445,first_active_monthhigh_cos,0,1
446,first_active_monthhigh_sin,0,1
447,dayofweek_cos,0,1
448,dayofweek_sin,0,1
449,weekofyear_cos,0,1
450,weekofyear_sin,8,1
451,quartersmpl_cos,0,1
452,quartersmpl_sin,0,1
0,Unnamed: 0,0,2
1,feature_1high,12,2
2,feature_2high,18,2
3,feature_3high,7,2
4,elapsed_timehigh,0,2
5,first_active_year,0,2
6,hist_transactions_count,12,2
7,hist_category_1_sumhigh,14,2
8,hist_category_1_meanhigh,6,2
9,hist_category_2_1.0_mean,3,2
10,hist_category_2_2.0_mean,0,2
11,hist_category_2_3.0_mean,1,2
12,hist_category_2_4.0_mean,0,2
13,hist_category_2_5.0_mean,0,2
14,hist_category_3_A_mean,0,2
15,hist_category_3_B_mean,4,2
16,hist_category_3_C_mean,9,2
17,hist_merchant_id_nuniquehigh,3,2
18,hist_merchant_category_id_nuniquehigh,2,2
19,hist_state_id_nuniquehigh,3,2
20,hist_city_id_nuniquehigh,5,2
21,hist_subsector_id_nuniquehigh,3,2
22,hist_purchase_amount_sumhigh,21,2
23,hist_purchase_amount_meanhigh,11,2
24,hist_purchase_amount_maxhigh,15,2
25,hist_purchase_amount_minhigh,30,2
26,hist_purchase_amount_stdhigh,17,2
27,hist_installments_sumhigh,16,2
28,hist_installments_meanhigh,3,2
29,hist_installments_maxhigh,1,2
30,hist_installments_minhigh,0,2
31,hist_installments_stdhigh,5,2
32,hist_purchase_date_ptp,12,2
33,hist_purchase_date_minhigh,13,2
34,hist_purchase_date_maxhigh,19,2
35,hist_month_lag_meanhigh,8,2
36,hist_month_lag_maxhigh,2,2
37,hist_month_lag_minhigh,0,2
38,hist_month_lag_std,21,2
39,hist_month_diff_meanhigh,24,2
40,hist_purchase_year_nunique,0,2
41,hist_purchase_month_nunique,7,2
42,hist_purchase_hour_0_mean,5,2
43,hist_purchase_hour_1_mean,7,2
44,hist_purchase_hour_2_mean,8,2
45,hist_purchase_hour_3_mean,10,2
46,auth_transactions_count,5,2
47,auth_category_1_sum,22,2
48,auth_category_1_mean,7,2
49,auth_category_2_1.0_mean,3,2
50,auth_category_2_2.0_mean,0,2
51,auth_category_2_3.0_mean,0,2
52,auth_category_2_4.0_mean,0,2
53,auth_category_2_5.0_mean,2,2
54,auth_category_3_A_mean,0,2
55,auth_category_3_B_mean,3,2
56,auth_category_3_C_mean,1,2
57,auth_merchant_id_nunique,8,2
58,auth_merchant_category_id_nunique,0,2
59,auth_state_id_nunique,0,2
60,auth_city_id_nunique,5,2
61,auth_subsector_id_nunique,3,2
62,auth_purchase_amount_sum,10,2
63,auth_purchase_amount_mean,15,2
64,auth_purchase_amount_max,10,2
65,auth_purchase_amount_min,27,2
66,auth_purchase_amount_std,12,2
67,auth_installments_sum,3,2
68,auth_installments_mean,2,2
69,auth_installments_max,0,2
70,auth_installments_min,1,2
71,auth_installments_std,2,2
72,auth_purchase_date_ptp,18,2
73,auth_purchase_date_min,21,2
74,auth_purchase_date_max,8,2
75,auth_month_lag_mean,17,2
76,auth_month_lag_max,3,2
77,auth_month_lag_min,0,2
78,auth_month_lag_std,15,2
79,auth_month_diff_mean,14,2
80,auth_purchase_year_nunique,0,2
81,auth_purchase_month_nunique,41,2
82,auth_purchase_hour_0_mean,0,2
83,auth_purchase_hour_1_mean,3,2
84,auth_purchase_hour_2_mean,8,2
85,auth_purchase_hour_3_mean,2,2
86,new_transactions_count,0,2
87,new_category_1_sum,5,2
88,new_category_1_meansmpl,9,2
89,new_category_2_1.0_mean,0,2
90,new_category_2_2.0_mean,0,2
91,new_category_2_3.0_mean,0,2
92,new_category_2_4.0_mean,0,2
93,new_category_2_5.0_mean,1,2
94,new_category_3_A_mean,0,2
95,new_category_3_B_mean,5,2
96,new_category_3_C_mean,0,2
97,new_merchant_id_nuniquesmpl,3,2
98,new_merchant_category_id_nuniquesmpl,5,2
99,new_state_id_nunique,0,2
100,new_city_id_nunique,0,2
101,new_subsector_id_nuniquesmpl,4,2
102,new_purchase_amount_sumsmpl,6,2
103,new_purchase_amount_meansmpl,2,2
104,new_purchase_amount_maxsmpl,29,2
105,new_purchase_amount_minsmpl,6,2
106,new_purchase_amount_std,15,2
107,new_installments_sumsmpl,3,2
108,new_installments_meansmpl,2,2
109,new_installments_maxsmpl,1,2
110,new_installments_min,2,2
111,new_installments_std,4,2
112,new_purchase_date_ptp,49,2
113,new_purchase_date_minsmpl,5,2
114,new_purchase_date_maxsmpl,8,2
115,new_month_lag_meansmpl,36,2
116,new_month_lag_maxsmpl,1,2
117,new_month_lag_minsmpl,0,2
118,new_month_lag_std,2,2
119,new_month_diff_meansmpl,0,2
120,new_purchase_year_nunique,0,2
121,new_purchase_month_nunique,0,2
122,new_purchase_hour_0_mean,0,2
123,new_purchase_hour_1_mean,0,2
124,new_purchase_hour_2_mean,9,2
125,new_purchase_hour_3_mean,1,2
126,month_lag_meansmpl,15,2
127,month_lag_std,8,2
128,purchase_amount_count_mean,11,2
129,purchase_amount_count_std,2,2
130,purchase_amount_sum_mean,8,2
131,purchase_amount_sum_std,0,2
132,purchase_amount_mean_mean,18,2
133,purchase_amount_mean_std,3,2
134,purchase_amount_min_mean,13,2
135,purchase_amount_min_std,9,2
136,purchase_amount_max_mean,31,2
137,purchase_amount_max_std,11,2
138,purchase_amount_std_mean,31,2
139,purchase_amount_std_std,29,2
140,installments_sum_mean,1,2
141,installments_sum_std,0,2
142,installments_mean_mean,0,2
143,installments_mean_std,0,2
144,installments_min_mean,2,2
145,installments_min_std,2,2
146,installments_max_mean,2,2
147,installments_max_std,0,2
148,installments_std_mean,5,2
149,installments_std_std,3,2
150,authorized_flag_mean,28,2
151,category_1_purchase_amount_mean,8,2
152,category_1_purchase_amount_min,7,2
153,category_1_purchase_amount_max,7,2
154,category_1_purchase_amount_std,1,2
155,installments_purchase_amount_mean,4,2
156,installments_purchase_amount_min,12,2
157,installments_purchase_amount_max,9,2
158,installments_purchase_amount_std,3,2
159,city_id_purchase_amount_mean,10,2
160,city_id_purchase_amount_min,7,2
161,city_id_purchase_amount_max,17,2
162,city_id_purchase_amount_std,12,2
163,category_1_installments_mean,4,2
164,category_1_installments_min,1,2
165,category_1_installments_max,4,2
166,category_1_installments_std,4,2
167,hist_month_nuniquesmpl,13,2
168,hist_month_meansmpl,3,2
169,hist_month_minsmpl,0,2
170,hist_month_maxsmpl,0,2
171,hist_hour_nuniquesmpl,2,2
172,hist_hour_meansmpl,22,2
173,hist_hour_minsmpl,0,2
174,hist_hour_maxsmpl,0,2
175,hist_weekofyear_nuniquesmpl,16,2
176,hist_weekofyear_meansmpl,2,2
177,hist_weekofyear_minsmpl,0,2
178,hist_weekofyear_maxsmpl,3,2
179,hist_dayofweek_nunique,0,2
180,hist_dayofweek_mean,14,2
181,hist_dayofweek_min,0,2
182,hist_dayofweek_max,0,2
183,hist_purchase_amount_varsmpl,6,2
184,hist_installments_varsmpl,2,2
185,hist_purchase_date_nunique,2,2
186,hist_month_lag_varsmpl,16,2
187,hist_month_lag_nunique,15,2
188,hist_month_diff_minsmpl,0,2
189,hist_month_diff_maxsmpl,0,2
190,hist_month_diff_varsmpl,0,2
191,hist_month_diff_nunique,0,2
192,hist_authorized_flag_nunique,0,2
193,hist_weekend_sum,4,2
194,hist_weekend_meansmpl,2,2
195,hist_weekend_nunique,0,2
196,hist_year_nunique,0,2
197,hist_year_mean,2,2
198,hist_category_1_min,0,2
199,hist_category_1_max,0,2
200,hist_category_1_nunique,0,2
201,hist_category_1_std,10,2
202,hist_category_2_sum,9,2
203,hist_category_2_meansmpl,4,2
204,hist_category_2_min,0,2
205,hist_category_2_nunique,0,2
206,hist_category_2_std,4,2
207,hist_category_3_sum,5,2
208,hist_category_3_meansmpl,0,2
209,hist_category_3_min,0,2
210,hist_category_3_nunique,0,2
211,hist_category_3_std,10,2
212,hist_card_id_sizesmpl,0,2
213,hist_category_2_mean_meansmpl,8,2
214,hist_category_3_mean_meansmpl,9,2
215,hist_purchase_date_diffsmpl,9,2
216,hist_purchase_date_averagesmpl,11,2
217,hist_purchase_date_uptonowsmpl,9,2
218,hist_purchase_date_uptominsmpl,3,2
219,new_hist_merchant_id_nunique,0,2
220,new_hist_month_mean,1,2
221,new_hist_month_min,0,2
222,new_hist_month_max,1,2
223,new_hist_hour_nunique,1,2
224,new_hist_hour_mean,0,2
225,new_hist_hour_min,1,2
226,new_hist_hour_max,1,2
227,new_hist_weekofyear_nunique,2,2
228,new_hist_weekofyear_mean,8,2
229,new_hist_weekofyear_min,4,2
230,new_hist_weekofyear_max,4,2
231,new_hist_dayofweek_nunique,0,2
232,new_hist_dayofweek_mean,2,2
233,new_hist_dayofweek_min,0,2
234,new_hist_dayofweek_max,1,2
235,new_hist_purchase_amount_sum,12,2
236,new_hist_purchase_amount_max,48,2
237,new_hist_purchase_amount_min,6,2
238,new_hist_purchase_amount_mean,8,2
239,new_hist_purchase_amount_var,7,2
240,new_hist_purchase_amount_std,5,2
241,new_hist_installments_var,1,2
242,new_hist_purchase_date_max,11,2
243,new_hist_purchase_date_min,4,2
244,new_hist_purchase_date_nunique,0,2
245,new_hist_month_lag_var,6,2
246,new_hist_month_diff_mean,0,2
247,new_hist_month_diff_max,0,2
248,new_hist_month_diff_min,0,2
249,new_hist_month_diff_var,4,2
250,new_hist_month_diff_nunique,0,2
251,new_hist_weekend_sum,0,2
252,new_hist_weekend_mean,1,2
253,new_hist_weekend_nunique,0,2
254,new_hist_year_mean,0,2
255,new_hist_category_1_min,0,2
256,new_hist_category_1_nunique,0,2
257,new_hist_category_2_sum,6,2
258,new_hist_category_2_mean,1,2
259,new_hist_category_2_min,0,2
260,new_hist_category_2_nunique,0,2
261,new_hist_category_3_sum,0,2
262,new_hist_category_3_mean,0,2
263,new_hist_category_3_min,0,2
264,new_hist_category_3_nunique,0,2
265,new_hist_category_2_mean_mean,4,2
266,new_hist_category_3_mean_mean,3,2
267,new_hist_purchase_date_diff,18,2
268,new_hist_purchase_date_average,15,2
269,new_hist_purchase_date_uptonow,10,2
270,new_hist_purchase_date_uptomin,4,2
271,dayofyear,1,2
272,is_month_start,0,2
273,hist_first_buysmpl,11,2
274,hist_last_buysmpl,30,2
275,new_hist_first_buy,2,2
276,new_hist_last_buy,8,2
277,card_id_totalsmpl,6,2
278,purchase_amount_totalsmpl,10,2
279,purchase_amount_meansmpl,6,2
280,purchase_amount_maxsmpl,4,2
281,feature_1,0,2
282,feature_2,0,2
283,feature_3,0,2
284,elapsed_time,3,2
285,days_feature1,25,2
286,days_feature2,12,2
287,days_feature3,6,2
288,days_feature1_ratio,13,2
289,days_feature2_ratio,5,2
290,days_feature3_ratio,1,2
291,feature_sum,0,2
292,feature_mean,0,2
293,feature_max,0,2
294,feature_min,0,2
295,feature_var,0,2
296,hist_subsector_id_nunique,1,2
297,hist_merchant_id_nunique,8,2
298,hist_merchant_category_id_nunique,3,2
299,hist_weekday_mean,12,2
300,hist_day_nunique,1,2
301,hist_day_mean,11,2
302,hist_day_min,0,2
303,hist_month_sin_nunique,5,2
304,hist_month_sin_mean,0,2
305,hist_hour_sin_nunique,0,2
306,hist_hour_sin_mean,15,2
307,hist_weekofyear_sin_nunique,8,2
308,hist_weekofyear_sin_mean,0,2
309,hist_weekday_sin_nunique,0,2
310,hist_weekday_sin_mean,9,2
311,hist_day_sin_mean,7,2
312,hist_month_cos_nunique,5,2
313,hist_month_cos_mean,10,2
314,hist_hour_cos_nunique,1,2
315,hist_hour_cos_mean,3,2
316,hist_weekofyear_cos_nunique,8,2
317,hist_weekofyear_cos_mean,23,2
318,hist_weekday_cos_nunique,0,2
319,hist_weekday_cos_mean,17,2
320,hist_day_cos_nunique,2,2
321,hist_day_cos_mean,10,2
322,hist_purchase_amount_sum,0,2
323,hist_purchase_amount_max,0,2
324,hist_purchase_amount_min,0,2
325,hist_purchase_amount_mean,0,2
326,hist_purchase_amount_skew,0,2
327,hist_installments_sum,4,2
328,hist_installments_max,0,2
329,hist_installments_mean,8,2
330,hist_installments_skew,2,2
331,hist_purchase_date_max,13,2
332,hist_purchase_date_min,9,2
333,hist_month_lag_max,0,2
334,hist_month_lag_min,0,2
335,hist_month_lag_mean,11,2
336,hist_month_lag_skew,14,2
337,hist_month_diff_mean,9,2
338,hist_month_diff_skew,6,2
339,hist_category_1_mean,9,2
340,hist_price_sum,5,2
341,hist_price_mean,4,2
342,hist_price_max,0,2
343,hist_price_min,0,2
344,hist_price_var,11,2
345,hist_Christmas_Day_2017_mean,5,2
346,hist_Mothers_Day_2017_mean,6,2
347,hist_fathers_day_2017_mean,22,2
348,hist_Children_day_2017_mean,10,2
349,hist_Valentine_Day_2017_mean,5,2
350,hist_Black_Friday_2017_mean,3,2
351,hist_Mothers_Day_2018_mean,1,2
352,hist_duration_mean,9,2
353,hist_duration_min,2,2
354,hist_duration_max,0,2
355,hist_duration_var,2,2
356,hist_duration_skew,7,2
357,hist_amount_month_ratio_mean,4,2
358,hist_amount_month_ratio_min,0,2
359,hist_amount_month_ratio_max,0,2
360,hist_amount_month_ratio_var,4,2
361,hist_amount_month_ratio_skew,8,2
362,new_month_mean,0,2
363,new_hour_mean,0,2
364,new_weekofyear_mean,2,2
365,new_weekday_mean,6,2
366,new_day_nunique,0,2
367,new_day_mean,25,2
368,new_day_min,14,2
369,new_day_max,7,2
370,new_month_sin_mean,3,2
371,new_hour_sin_nunique,1,2
372,new_hour_sin_mean,14,2
373,new_weekofyear_sin_nunique,0,2
374,new_weekofyear_sin_mean,16,2
375,new_weekday_sin_nunique,0,2
376,new_weekday_sin_mean,0,2
377,new_day_sin_mean,12,2
378,new_month_cos_mean,15,2
379,new_hour_cos_nunique,1,2
380,new_hour_cos_mean,17,2
381,new_weekofyear_cos_nunique,0,2
382,new_weekofyear_cos_mean,8,2
383,new_weekday_cos_nunique,0,2
384,new_weekday_cos_mean,4,2
385,new_day_cos_nunique,0,2
386,new_day_cos_mean,11,2
387,new_purchase_amount_var,0,2
388,new_purchase_amount_skew,0,2
389,new_installments_var,2,2
390,new_installments_skew,0,2
391,new_month_lag_var,4,2
392,new_month_lag_skew,8,2
393,new_month_diff_var,0,2
394,new_month_diff_skew,1,2
395,new_weekend_mean,1,2
396,new_category_2_mean,1,2
397,new_category_3_mean,1,2
398,new_price_mean,1,2
399,new_price_max,0,2
400,new_price_min,0,2
401,new_price_var,1,2
402,new_Christmas_Day_2017_mean,12,2
403,new_Children_day_2017_mean,0,2
404,new_Black_Friday_2017_mean,1,2
405,new_Mothers_Day_2018_mean,5,2
406,new_duration_mean,1,2
407,new_duration_min,0,2
408,new_duration_max,0,2
409,new_duration_var,3,2
410,new_duration_skew,0,2
411,new_amount_month_ratio_mean,0,2
412,new_amount_month_ratio_min,0,2
413,new_amount_month_ratio_max,0,2
414,new_amount_month_ratio_var,1,2
415,new_amount_month_ratio_skew,0,2
416,new_category_2_mean_mean,0,2
417,new_category_3_mean_mean,0,2
418,new_purchase_date_average,23,2
419,new_purchase_date_uptonow,12,2
420,new_purchase_date_uptomin,4,2
421,card_id_cnt_ratio,12,2
422,purchase_amount_min,0,2
423,purchase_amount_ratio,8,2
424,month_diff_mean,2,2
425,month_diff_ratio,22,2
426,month_lag_max,2,2
427,month_lag_min,2,2
428,category_1_mean,22,2
429,installments_total,3,2
430,installments_mean,5,2
431,installments_max,0,2
432,installments_ratio,2,2
433,price_total,2,2
434,price_mean,5,2
435,price_max,1,2
436,duration_mean,10,2
437,duration_min,0,2
438,duration_max,0,2
439,amount_month_ratio_mean,3,2
440,amount_month_ratio_min,0,2
441,amount_month_ratio_max,0,2
442,new_CLV,16,2
443,hist_CLV,9,2
444,CLV_ratio,16,2
445,first_active_monthhigh_cos,0,2
446,first_active_monthhigh_sin,0,2
447,dayofweek_cos,0,2
448,dayofweek_sin,0,2
449,weekofyear_cos,0,2
450,weekofyear_sin,1,2
451,quartersmpl_cos,0,2
452,quartersmpl_sin,0,2
0,Unnamed: 0,0,3
1,feature_1high,10,3
2,feature_2high,27,3
3,feature_3high,10,3
4,elapsed_timehigh,3,3
5,first_active_year,0,3
6,hist_transactions_count,17,3
7,hist_category_1_sumhigh,14,3
8,hist_category_1_meanhigh,0,3
9,hist_category_2_1.0_mean,6,3
10,hist_category_2_2.0_mean,0,3
11,hist_category_2_3.0_mean,0,3
12,hist_category_2_4.0_mean,0,3
13,hist_category_2_5.0_mean,0,3
14,hist_category_3_A_mean,0,3
15,hist_category_3_B_mean,5,3
16,hist_category_3_C_mean,5,3
17,hist_merchant_id_nuniquehigh,1,3
18,hist_merchant_category_id_nuniquehigh,2,3
19,hist_state_id_nuniquehigh,1,3
20,hist_city_id_nuniquehigh,1,3
21,hist_subsector_id_nuniquehigh,1,3
22,hist_purchase_amount_sumhigh,24,3
23,hist_purchase_amount_meanhigh,16,3
24,hist_purchase_amount_maxhigh,8,3
25,hist_purchase_amount_minhigh,27,3
26,hist_purchase_amount_stdhigh,21,3
27,hist_installments_sumhigh,13,3
28,hist_installments_meanhigh,9,3
29,hist_installments_maxhigh,1,3
30,hist_installments_minhigh,0,3
31,hist_installments_stdhigh,4,3
32,hist_purchase_date_ptp,14,3
33,hist_purchase_date_minhigh,34,3
34,hist_purchase_date_maxhigh,11,3
35,hist_month_lag_meanhigh,4,3
36,hist_month_lag_maxhigh,2,3
37,hist_month_lag_minhigh,1,3
38,hist_month_lag_std,25,3
39,hist_month_diff_meanhigh,23,3
40,hist_purchase_year_nunique,0,3
41,hist_purchase_month_nunique,5,3
42,hist_purchase_hour_0_mean,4,3
43,hist_purchase_hour_1_mean,5,3
44,hist_purchase_hour_2_mean,11,3
45,hist_purchase_hour_3_mean,7,3
46,auth_transactions_count,9,3
47,auth_category_1_sum,20,3
48,auth_category_1_mean,11,3
49,auth_category_2_1.0_mean,2,3
50,auth_category_2_2.0_mean,0,3
51,auth_category_2_3.0_mean,3,3
52,auth_category_2_4.0_mean,0,3
53,auth_category_2_5.0_mean,1,3
54,auth_category_3_A_mean,0,3
55,auth_category_3_B_mean,5,3
56,auth_category_3_C_mean,1,3
57,auth_merchant_id_nunique,25,3
58,auth_merchant_category_id_nunique,8,3
59,auth_state_id_nunique,0,3
60,auth_city_id_nunique,4,3
61,auth_subsector_id_nunique,4,3
62,auth_purchase_amount_sum,14,3
63,auth_purchase_amount_mean,17,3
64,auth_purchase_amount_max,3,3
65,auth_purchase_amount_min,42,3
66,auth_purchase_amount_std,2,3
67,auth_installments_sum,2,3
68,auth_installments_mean,4,3
69,auth_installments_max,0,3
70,auth_installments_min,2,3
71,auth_installments_std,1,3
72,auth_purchase_date_ptp,32,3
73,auth_purchase_date_min,32,3
74,auth_purchase_date_max,24,3
75,auth_month_lag_mean,12,3
76,auth_month_lag_max,1,3
77,auth_month_lag_min,0,3
78,auth_month_lag_std,23,3
79,auth_month_diff_mean,13,3
80,auth_purchase_year_nunique,0,3
81,auth_purchase_month_nunique,46,3
82,auth_purchase_hour_0_mean,1,3
83,auth_purchase_hour_1_mean,7,3
84,auth_purchase_hour_2_mean,11,3
85,auth_purchase_hour_3_mean,1,3
86,new_transactions_count,1,3
87,new_category_1_sum,10,3
88,new_category_1_meansmpl,7,3
89,new_category_2_1.0_mean,0,3
90,new_category_2_2.0_mean,0,3
91,new_category_2_3.0_mean,0,3
92,new_category_2_4.0_mean,0,3
93,new_category_2_5.0_mean,1,3
94,new_category_3_A_mean,1,3
95,new_category_3_B_mean,6,3
96,new_category_3_C_mean,0,3
97,new_merchant_id_nuniquesmpl,0,3
98,new_merchant_category_id_nuniquesmpl,10,3
99,new_state_id_nunique,0,3
100,new_city_id_nunique,0,3
101,new_subsector_id_nuniquesmpl,6,3
102,new_purchase_amount_sumsmpl,13,3
103,new_purchase_amount_meansmpl,2,3
104,new_purchase_amount_maxsmpl,22,3
105,new_purchase_amount_minsmpl,10,3
106,new_purchase_amount_std,17,3
107,new_installments_sumsmpl,2,3
108,new_installments_meansmpl,1,3
109,new_installments_maxsmpl,2,3
110,new_installments_min,2,3
111,new_installments_std,0,3
112,new_purchase_date_ptp,54,3
113,new_purchase_date_minsmpl,7,3
114,new_purchase_date_maxsmpl,14,3
115,new_month_lag_meansmpl,43,3
116,new_month_lag_maxsmpl,0,3
117,new_month_lag_minsmpl,2,3
118,new_month_lag_std,5,3
119,new_month_diff_meansmpl,0,3
120,new_purchase_year_nunique,0,3
121,new_purchase_month_nunique,0,3
122,new_purchase_hour_0_mean,0,3
123,new_purchase_hour_1_mean,1,3
124,new_purchase_hour_2_mean,5,3
125,new_purchase_hour_3_mean,0,3
126,month_lag_meansmpl,22,3
127,month_lag_std,13,3
128,purchase_amount_count_mean,1,3
129,purchase_amount_count_std,1,3
130,purchase_amount_sum_mean,7,3
131,purchase_amount_sum_std,1,3
132,purchase_amount_mean_mean,28,3
133,purchase_amount_mean_std,7,3
134,purchase_amount_min_mean,7,3
135,purchase_amount_min_std,10,3
136,purchase_amount_max_mean,33,3
137,purchase_amount_max_std,14,3
138,purchase_amount_std_mean,27,3
139,purchase_amount_std_std,25,3
140,installments_sum_mean,8,3
141,installments_sum_std,3,3
142,installments_mean_mean,2,3
143,installments_mean_std,0,3
144,installments_min_mean,1,3
145,installments_min_std,3,3
146,installments_max_mean,4,3
147,installments_max_std,0,3
148,installments_std_mean,2,3
149,installments_std_std,4,3
150,authorized_flag_mean,32,3
151,category_1_purchase_amount_mean,8,3
152,category_1_purchase_amount_min,12,3
153,category_1_purchase_amount_max,6,3
154,category_1_purchase_amount_std,1,3
155,installments_purchase_amount_mean,7,3
156,installments_purchase_amount_min,23,3
157,installments_purchase_amount_max,8,3
158,installments_purchase_amount_std,4,3
159,city_id_purchase_amount_mean,10,3
160,city_id_purchase_amount_min,5,3
161,city_id_purchase_amount_max,14,3
162,city_id_purchase_amount_std,11,3
163,category_1_installments_mean,2,3
164,category_1_installments_min,4,3
165,category_1_installments_max,0,3
166,category_1_installments_std,11,3
167,hist_month_nuniquesmpl,8,3
168,hist_month_meansmpl,12,3
169,hist_month_minsmpl,0,3
170,hist_month_maxsmpl,0,3
171,hist_hour_nuniquesmpl,1,3
172,hist_hour_meansmpl,23,3
173,hist_hour_minsmpl,0,3
174,hist_hour_maxsmpl,1,3
175,hist_weekofyear_nuniquesmpl,20,3
176,hist_weekofyear_meansmpl,8,3
177,hist_weekofyear_minsmpl,0,3
178,hist_weekofyear_maxsmpl,3,3
179,hist_dayofweek_nunique,1,3
180,hist_dayofweek_mean,7,3
181,hist_dayofweek_min,0,3
182,hist_dayofweek_max,0,3
183,hist_purchase_amount_varsmpl,4,3
184,hist_installments_varsmpl,3,3
185,hist_purchase_date_nunique,2,3
186,hist_month_lag_varsmpl,23,3
187,hist_month_lag_nunique,15,3
188,hist_month_diff_minsmpl,0,3
189,hist_month_diff_maxsmpl,0,3
190,hist_month_diff_varsmpl,6,3
191,hist_month_diff_nunique,0,3
192,hist_authorized_flag_nunique,0,3
193,hist_weekend_sum,2,3
194,hist_weekend_meansmpl,1,3
195,hist_weekend_nunique,0,3
196,hist_year_nunique,0,3
197,hist_year_mean,1,3
198,hist_category_1_min,0,3
199,hist_category_1_max,0,3
200,hist_category_1_nunique,0,3
201,hist_category_1_std,12,3
202,hist_category_2_sum,3,3
203,hist_category_2_meansmpl,8,3
204,hist_category_2_min,0,3
205,hist_category_2_nunique,0,3
206,hist_category_2_std,6,3
207,hist_category_3_sum,7,3
208,hist_category_3_meansmpl,5,3
209,hist_category_3_min,0,3
210,hist_category_3_nunique,0,3
211,hist_category_3_std,15,3
212,hist_card_id_sizesmpl,1,3
213,hist_category_2_mean_meansmpl,8,3
214,hist_category_3_mean_meansmpl,14,3
215,hist_purchase_date_diffsmpl,25,3
216,hist_purchase_date_averagesmpl,6,3
217,hist_purchase_date_uptonowsmpl,16,3
218,hist_purchase_date_uptominsmpl,5,3
219,new_hist_merchant_id_nunique,0,3
220,new_hist_month_mean,0,3
221,new_hist_month_min,0,3
222,new_hist_month_max,4,3
223,new_hist_hour_nunique,0,3
224,new_hist_hour_mean,1,3
225,new_hist_hour_min,2,3
226,new_hist_hour_max,1,3
227,new_hist_weekofyear_nunique,0,3
228,new_hist_weekofyear_mean,3,3
229,new_hist_weekofyear_min,2,3
230,new_hist_weekofyear_max,7,3
231,new_hist_dayofweek_nunique,0,3
232,new_hist_dayofweek_mean,9,3
233,new_hist_dayofweek_min,3,3
234,new_hist_dayofweek_max,0,3
235,new_hist_purchase_amount_sum,10,3
236,new_hist_purchase_amount_max,38,3
237,new_hist_purchase_amount_min,6,3
238,new_hist_purchase_amount_mean,5,3
239,new_hist_purchase_amount_var,9,3
240,new_hist_purchase_amount_std,12,3
241,new_hist_installments_var,2,3
242,new_hist_purchase_date_max,9,3
243,new_hist_purchase_date_min,5,3
244,new_hist_purchase_date_nunique,0,3
245,new_hist_month_lag_var,7,3
246,new_hist_month_diff_mean,0,3
247,new_hist_month_diff_max,0,3
248,new_hist_month_diff_min,0,3
249,new_hist_month_diff_var,3,3
250,new_hist_month_diff_nunique,0,3
251,new_hist_weekend_sum,0,3
252,new_hist_weekend_mean,2,3
253,new_hist_weekend_nunique,0,3
254,new_hist_year_mean,0,3
255,new_hist_category_1_min,0,3
256,new_hist_category_1_nunique,0,3
257,new_hist_category_2_sum,1,3
258,new_hist_category_2_mean,3,3
259,new_hist_category_2_min,1,3
260,new_hist_category_2_nunique,0,3
261,new_hist_category_3_sum,1,3
262,new_hist_category_3_mean,0,3
263,new_hist_category_3_min,0,3
264,new_hist_category_3_nunique,0,3
265,new_hist_category_2_mean_mean,2,3
266,new_hist_category_3_mean_mean,3,3
267,new_hist_purchase_date_diff,16,3
268,new_hist_purchase_date_average,17,3
269,new_hist_purchase_date_uptonow,17,3
270,new_hist_purchase_date_uptomin,2,3
271,dayofyear,0,3
272,is_month_start,0,3
273,hist_first_buysmpl,13,3
274,hist_last_buysmpl,24,3
275,new_hist_first_buy,6,3
276,new_hist_last_buy,7,3
277,card_id_totalsmpl,19,3
278,purchase_amount_totalsmpl,9,3
279,purchase_amount_meansmpl,11,3
280,purchase_amount_maxsmpl,5,3
281,feature_1,0,3
282,feature_2,0,3
283,feature_3,0,3
284,elapsed_time,1,3
285,days_feature1,29,3
286,days_feature2,22,3
287,days_feature3,8,3
288,days_feature1_ratio,20,3
289,days_feature2_ratio,11,3
290,days_feature3_ratio,1,3
291,feature_sum,0,3
292,feature_mean,0,3
293,feature_max,0,3
294,feature_min,0,3
295,feature_var,0,3
296,hist_subsector_id_nunique,0,3
297,hist_merchant_id_nunique,15,3
298,hist_merchant_category_id_nunique,7,3
299,hist_weekday_mean,0,3
300,hist_day_nunique,1,3
301,hist_day_mean,1,3
302,hist_day_min,0,3
303,hist_month_sin_nunique,3,3
304,hist_month_sin_mean,1,3
305,hist_hour_sin_nunique,0,3
306,hist_hour_sin_mean,15,3
307,hist_weekofyear_sin_nunique,13,3
308,hist_weekofyear_sin_mean,4,3
309,hist_weekday_sin_nunique,0,3
310,hist_weekday_sin_mean,9,3
311,hist_day_sin_mean,2,3
312,hist_month_cos_nunique,4,3
313,hist_month_cos_mean,14,3
314,hist_hour_cos_nunique,0,3
315,hist_hour_cos_mean,25,3
316,hist_weekofyear_cos_nunique,13,3
317,hist_weekofyear_cos_mean,17,3
318,hist_weekday_cos_nunique,0,3
319,hist_weekday_cos_mean,3,3
320,hist_day_cos_nunique,0,3
321,hist_day_cos_mean,22,3
322,hist_purchase_amount_sum,2,3
323,hist_purchase_amount_max,0,3
324,hist_purchase_amount_min,0,3
325,hist_purchase_amount_mean,0,3
326,hist_purchase_amount_skew,0,3
327,hist_installments_sum,2,3
328,hist_installments_max,0,3
329,hist_installments_mean,6,3
330,hist_installments_skew,0,3
331,hist_purchase_date_max,18,3
332,hist_purchase_date_min,12,3
333,hist_month_lag_max,0,3
334,hist_month_lag_min,0,3
335,hist_month_lag_mean,8,3
336,hist_month_lag_skew,5,3
337,hist_month_diff_mean,13,3
338,hist_month_diff_skew,3,3
339,hist_category_1_mean,14,3
340,hist_price_sum,8,3
341,hist_price_mean,2,3
342,hist_price_max,0,3
343,hist_price_min,0,3
344,hist_price_var,12,3
345,hist_Christmas_Day_2017_mean,2,3
346,hist_Mothers_Day_2017_mean,9,3
347,hist_fathers_day_2017_mean,23,3
348,hist_Children_day_2017_mean,5,3
349,hist_Valentine_Day_2017_mean,28,3
350,hist_Black_Friday_2017_mean,3,3
351,hist_Mothers_Day_2018_mean,0,3
352,hist_duration_mean,10,3
353,hist_duration_min,1,3
354,hist_duration_max,0,3
355,hist_duration_var,4,3
356,hist_duration_skew,4,3
357,hist_amount_month_ratio_mean,10,3
358,hist_amount_month_ratio_min,2,3
359,hist_amount_month_ratio_max,0,3
360,hist_amount_month_ratio_var,11,3
361,hist_amount_month_ratio_skew,6,3
362,new_month_mean,1,3
363,new_hour_mean,0,3
364,new_weekofyear_mean,3,3
365,new_weekday_mean,4,3
366,new_day_nunique,0,3
367,new_day_mean,24,3
368,new_day_min,22,3
369,new_day_max,9,3
370,new_month_sin_mean,5,3
371,new_hour_sin_nunique,3,3
372,new_hour_sin_mean,15,3
373,new_weekofyear_sin_nunique,0,3
374,new_weekofyear_sin_mean,8,3
375,new_weekday_sin_nunique,0,3
376,new_weekday_sin_mean,6,3
377,new_day_sin_mean,23,3
378,new_month_cos_mean,13,3
379,new_hour_cos_nunique,0,3
380,new_hour_cos_mean,26,3
381,new_weekofyear_cos_nunique,1,3
382,new_weekofyear_cos_mean,19,3
383,new_weekday_cos_nunique,0,3
384,new_weekday_cos_mean,2,3
385,new_day_cos_nunique,1,3
386,new_day_cos_mean,8,3
387,new_purchase_amount_var,0,3
388,new_purchase_amount_skew,0,3
389,new_installments_var,1,3
390,new_installments_skew,2,3
391,new_month_lag_var,3,3
392,new_month_lag_skew,5,3
393,new_month_diff_var,0,3
394,new_month_diff_skew,5,3
395,new_weekend_mean,0,3
396,new_category_2_mean,1,3
397,new_category_3_mean,0,3
398,new_price_mean,1,3
399,new_price_max,0,3
400,new_price_min,1,3
401,new_price_var,3,3
402,new_Christmas_Day_2017_mean,11,3
403,new_Children_day_2017_mean,1,3
404,new_Black_Friday_2017_mean,2,3
405,new_Mothers_Day_2018_mean,11,3
406,new_duration_mean,2,3
407,new_duration_min,0,3
408,new_duration_max,0,3
409,new_duration_var,3,3
410,new_duration_skew,6,3
411,new_amount_month_ratio_mean,0,3
412,new_amount_month_ratio_min,0,3
413,new_amount_month_ratio_max,0,3
414,new_amount_month_ratio_var,3,3
415,new_amount_month_ratio_skew,1,3
416,new_category_2_mean_mean,0,3
417,new_category_3_mean_mean,0,3
418,new_purchase_date_average,22,3
419,new_purchase_date_uptonow,12,3
420,new_purchase_date_uptomin,4,3
421,card_id_cnt_ratio,6,3
422,purchase_amount_min,0,3
423,purchase_amount_ratio,13,3
424,month_diff_mean,4,3
425,month_diff_ratio,14,3
426,month_lag_max,3,3
427,month_lag_min,2,3
428,category_1_mean,26,3
429,installments_total,6,3
430,installments_mean,4,3
431,installments_max,1,3
432,installments_ratio,7,3
433,price_total,1,3
434,price_mean,2,3
435,price_max,1,3
436,duration_mean,3,3
437,duration_min,0,3
438,duration_max,0,3
439,amount_month_ratio_mean,5,3
440,amount_month_ratio_min,0,3
441,amount_month_ratio_max,1,3
442,new_CLV,20,3
443,hist_CLV,16,3
444,CLV_ratio,17,3
445,first_active_monthhigh_cos,0,3
446,first_active_monthhigh_sin,0,3
447,dayofweek_cos,0,3
448,dayofweek_sin,0,3
449,weekofyear_cos,2,3
450,weekofyear_sin,8,3
451,quartersmpl_cos,0,3
452,quartersmpl_sin,0,3
0,Unnamed: 0,6,4
1,feature_1high,13,4
2,feature_2high,17,4
3,feature_3high,1,4
4,elapsed_timehigh,1,4
5,first_active_year,0,4
6,hist_transactions_count,14,4
7,hist_category_1_sumhigh,14,4
8,hist_category_1_meanhigh,3,4
9,hist_category_2_1.0_mean,5,4
10,hist_category_2_2.0_mean,0,4
11,hist_category_2_3.0_mean,0,4
12,hist_category_2_4.0_mean,3,4
13,hist_category_2_5.0_mean,0,4
14,hist_category_3_A_mean,0,4
15,hist_category_3_B_mean,4,4
16,hist_category_3_C_mean,3,4
17,hist_merchant_id_nuniquehigh,1,4
18,hist_merchant_category_id_nuniquehigh,0,4
19,hist_state_id_nuniquehigh,0,4
20,hist_city_id_nuniquehigh,1,4
21,hist_subsector_id_nuniquehigh,0,4
22,hist_purchase_amount_sumhigh,11,4
23,hist_purchase_amount_meanhigh,15,4
24,hist_purchase_amount_maxhigh,9,4
25,hist_purchase_amount_minhigh,22,4
26,hist_purchase_amount_stdhigh,22,4
27,hist_installments_sumhigh,17,4
28,hist_installments_meanhigh,9,4
29,hist_installments_maxhigh,2,4
30,hist_installments_minhigh,0,4
31,hist_installments_stdhigh,3,4
32,hist_purchase_date_ptp,9,4
33,hist_purchase_date_minhigh,17,4
34,hist_purchase_date_maxhigh,20,4
35,hist_month_lag_meanhigh,7,4
36,hist_month_lag_maxhigh,1,4
37,hist_month_lag_minhigh,3,4
38,hist_month_lag_std,20,4
39,hist_month_diff_meanhigh,24,4
40,hist_purchase_year_nunique,0,4
41,hist_purchase_month_nunique,7,4
42,hist_purchase_hour_0_mean,3,4
43,hist_purchase_hour_1_mean,6,4
44,hist_purchase_hour_2_mean,12,4
45,hist_purchase_hour_3_mean,6,4
46,auth_transactions_count,5,4
47,auth_category_1_sum,16,4
48,auth_category_1_mean,10,4
49,auth_category_2_1.0_mean,2,4
50,auth_category_2_2.0_mean,0,4
51,auth_category_2_3.0_mean,1,4
52,auth_category_2_4.0_mean,0,4
53,auth_category_2_5.0_mean,0,4
54,auth_category_3_A_mean,0,4
55,auth_category_3_B_mean,8,4
56,auth_category_3_C_mean,1,4
57,auth_merchant_id_nunique,10,4
58,auth_merchant_category_id_nunique,2,4
59,auth_state_id_nunique,1,4
60,auth_city_id_nunique,3,4
61,auth_subsector_id_nunique,5,4
62,auth_purchase_amount_sum,8,4
63,auth_purchase_amount_mean,19,4
64,auth_purchase_amount_max,5,4
65,auth_purchase_amount_min,27,4
66,auth_purchase_amount_std,3,4
67,auth_installments_sum,2,4
68,auth_installments_mean,2,4
69,auth_installments_max,0,4
70,auth_installments_min,2,4
71,auth_installments_std,1,4
72,auth_purchase_date_ptp,17,4
73,auth_purchase_date_min,19,4
74,auth_purchase_date_max,16,4
75,auth_month_lag_mean,14,4
76,auth_month_lag_max,0,4
77,auth_month_lag_min,1,4
78,auth_month_lag_std,19,4
79,auth_month_diff_mean,8,4
80,auth_purchase_year_nunique,0,4
81,auth_purchase_month_nunique,44,4
82,auth_purchase_hour_0_mean,0,4
83,auth_purchase_hour_1_mean,1,4
84,auth_purchase_hour_2_mean,11,4
85,auth_purchase_hour_3_mean,2,4
86,new_transactions_count,0,4
87,new_category_1_sum,6,4
88,new_category_1_meansmpl,7,4
89,new_category_2_1.0_mean,1,4
90,new_category_2_2.0_mean,0,4
91,new_category_2_3.0_mean,0,4
92,new_category_2_4.0_mean,0,4
93,new_category_2_5.0_mean,1,4
94,new_category_3_A_mean,0,4
95,new_category_3_B_mean,7,4
96,new_category_3_C_mean,0,4
97,new_merchant_id_nuniquesmpl,2,4
98,new_merchant_category_id_nuniquesmpl,6,4
99,new_state_id_nunique,2,4
100,new_city_id_nunique,0,4
101,new_subsector_id_nuniquesmpl,5,4
102,new_purchase_amount_sumsmpl,10,4
103,new_purchase_amount_meansmpl,5,4
104,new_purchase_amount_maxsmpl,24,4
105,new_purchase_amount_minsmpl,5,4
106,new_purchase_amount_std,14,4
107,new_installments_sumsmpl,2,4
108,new_installments_meansmpl,0,4
109,new_installments_maxsmpl,1,4
110,new_installments_min,0,4
111,new_installments_std,3,4
112,new_purchase_date_ptp,39,4
113,new_purchase_date_minsmpl,5,4
114,new_purchase_date_maxsmpl,11,4
115,new_month_lag_meansmpl,36,4
116,new_month_lag_maxsmpl,0,4
117,new_month_lag_minsmpl,1,4
118,new_month_lag_std,2,4
119,new_month_diff_meansmpl,0,4
120,new_purchase_year_nunique,0,4
121,new_purchase_month_nunique,0,4
122,new_purchase_hour_0_mean,0,4
123,new_purchase_hour_1_mean,0,4
124,new_purchase_hour_2_mean,2,4
125,new_purchase_hour_3_mean,0,4
126,month_lag_meansmpl,17,4
127,month_lag_std,16,4
128,purchase_amount_count_mean,10,4
129,purchase_amount_count_std,1,4
130,purchase_amount_sum_mean,1,4
131,purchase_amount_sum_std,0,4
132,purchase_amount_mean_mean,17,4
133,purchase_amount_mean_std,7,4
134,purchase_amount_min_mean,7,4
135,purchase_amount_min_std,8,4
136,purchase_amount_max_mean,47,4
137,purchase_amount_max_std,17,4
138,purchase_amount_std_mean,13,4
139,purchase_amount_std_std,17,4
140,installments_sum_mean,5,4
141,installments_sum_std,0,4
142,installments_mean_mean,0,4
143,installments_mean_std,0,4
144,installments_min_mean,0,4
145,installments_min_std,6,4
146,installments_max_mean,4,4
147,installments_max_std,0,4
148,installments_std_mean,0,4
149,installments_std_std,9,4
150,authorized_flag_mean,28,4
151,category_1_purchase_amount_mean,6,4
152,category_1_purchase_amount_min,6,4
153,category_1_purchase_amount_max,6,4
154,category_1_purchase_amount_std,2,4
155,installments_purchase_amount_mean,9,4
156,installments_purchase_amount_min,12,4
157,installments_purchase_amount_max,8,4
158,installments_purchase_amount_std,6,4
159,city_id_purchase_amount_mean,9,4
160,city_id_purchase_amount_min,6,4
161,city_id_purchase_amount_max,6,4
162,city_id_purchase_amount_std,10,4
163,category_1_installments_mean,3,4
164,category_1_installments_min,0,4
165,category_1_installments_max,1,4
166,category_1_installments_std,3,4
167,hist_month_nuniquesmpl,8,4
168,hist_month_meansmpl,8,4
169,hist_month_minsmpl,0,4
170,hist_month_maxsmpl,0,4
171,hist_hour_nuniquesmpl,2,4
172,hist_hour_meansmpl,9,4
173,hist_hour_minsmpl,0,4
174,hist_hour_maxsmpl,0,4
175,hist_weekofyear_nuniquesmpl,4,4
176,hist_weekofyear_meansmpl,11,4
177,hist_weekofyear_minsmpl,4,4
178,hist_weekofyear_maxsmpl,2,4
179,hist_dayofweek_nunique,0,4
180,hist_dayofweek_mean,9,4
181,hist_dayofweek_min,0,4
182,hist_dayofweek_max,0,4
183,hist_purchase_amount_varsmpl,2,4
184,hist_installments_varsmpl,4,4
185,hist_purchase_date_nunique,1,4
186,hist_month_lag_varsmpl,23,4
187,hist_month_lag_nunique,9,4
188,hist_month_diff_minsmpl,0,4
189,hist_month_diff_maxsmpl,0,4
190,hist_month_diff_varsmpl,6,4
191,hist_month_diff_nunique,0,4
192,hist_authorized_flag_nunique,0,4
193,hist_weekend_sum,1,4
194,hist_weekend_meansmpl,2,4
195,hist_weekend_nunique,0,4
196,hist_year_nunique,0,4
197,hist_year_mean,1,4
198,hist_category_1_min,0,4
199,hist_category_1_max,0,4
200,hist_category_1_nunique,0,4
201,hist_category_1_std,12,4
202,hist_category_2_sum,5,4
203,hist_category_2_meansmpl,9,4
204,hist_category_2_min,0,4
205,hist_category_2_nunique,0,4
206,hist_category_2_std,4,4
207,hist_category_3_sum,10,4
208,hist_category_3_meansmpl,0,4
209,hist_category_3_min,0,4
210,hist_category_3_nunique,0,4
211,hist_category_3_std,4,4
212,hist_card_id_sizesmpl,2,4
213,hist_category_2_mean_meansmpl,10,4
214,hist_category_3_mean_meansmpl,14,4
215,hist_purchase_date_diffsmpl,9,4
216,hist_purchase_date_averagesmpl,2,4
217,hist_purchase_date_uptonowsmpl,9,4
218,hist_purchase_date_uptominsmpl,2,4
219,new_hist_merchant_id_nunique,1,4
220,new_hist_month_mean,3,4
221,new_hist_month_min,0,4
222,new_hist_month_max,0,4
223,new_hist_hour_nunique,1,4
224,new_hist_hour_mean,2,4
225,new_hist_hour_min,4,4
226,new_hist_hour_max,1,4
227,new_hist_weekofyear_nunique,1,4
228,new_hist_weekofyear_mean,4,4
229,new_hist_weekofyear_min,4,4
230,new_hist_weekofyear_max,5,4
231,new_hist_dayofweek_nunique,1,4
232,new_hist_dayofweek_mean,3,4
233,new_hist_dayofweek_min,1,4
234,new_hist_dayofweek_max,0,4
235,new_hist_purchase_amount_sum,11,4
236,new_hist_purchase_amount_max,39,4
237,new_hist_purchase_amount_min,3,4
238,new_hist_purchase_amount_mean,8,4
239,new_hist_purchase_amount_var,5,4
240,new_hist_purchase_amount_std,6,4
241,new_hist_installments_var,1,4
242,new_hist_purchase_date_max,10,4
243,new_hist_purchase_date_min,2,4
244,new_hist_purchase_date_nunique,2,4
245,new_hist_month_lag_var,7,4
246,new_hist_month_diff_mean,1,4
247,new_hist_month_diff_max,0,4
248,new_hist_month_diff_min,0,4
249,new_hist_month_diff_var,5,4
250,new_hist_month_diff_nunique,0,4
251,new_hist_weekend_sum,0,4
252,new_hist_weekend_mean,1,4
253,new_hist_weekend_nunique,0,4
254,new_hist_year_mean,0,4
255,new_hist_category_1_min,0,4
256,new_hist_category_1_nunique,0,4
257,new_hist_category_2_sum,0,4
258,new_hist_category_2_mean,0,4
259,new_hist_category_2_min,1,4
260,new_hist_category_2_nunique,0,4
261,new_hist_category_3_sum,0,4
262,new_hist_category_3_mean,0,4
263,new_hist_category_3_min,1,4
264,new_hist_category_3_nunique,0,4
265,new_hist_category_2_mean_mean,0,4
266,new_hist_category_3_mean_mean,4,4
267,new_hist_purchase_date_diff,15,4
268,new_hist_purchase_date_average,16,4
269,new_hist_purchase_date_uptonow,9,4
270,new_hist_purchase_date_uptomin,6,4
271,dayofyear,3,4
272,is_month_start,0,4
273,hist_first_buysmpl,7,4
274,hist_last_buysmpl,13,4
275,new_hist_first_buy,8,4
276,new_hist_last_buy,5,4
277,card_id_totalsmpl,7,4
278,purchase_amount_totalsmpl,9,4
279,purchase_amount_meansmpl,2,4
280,purchase_amount_maxsmpl,6,4
281,feature_1,0,4
282,feature_2,0,4
283,feature_3,0,4
284,elapsed_time,0,4
285,days_feature1,29,4
286,days_feature2,13,4
287,days_feature3,5,4
288,days_feature1_ratio,11,4
289,days_feature2_ratio,7,4
290,days_feature3_ratio,1,4
291,feature_sum,0,4
292,feature_mean,0,4
293,feature_max,0,4
294,feature_min,0,4
295,feature_var,0,4
296,hist_subsector_id_nunique,0,4
297,hist_merchant_id_nunique,8,4
298,hist_merchant_category_id_nunique,4,4
299,hist_weekday_mean,7,4
300,hist_day_nunique,0,4
301,hist_day_mean,1,4
302,hist_day_min,0,4
303,hist_month_sin_nunique,1,4
304,hist_month_sin_mean,2,4
305,hist_hour_sin_nunique,0,4
306,hist_hour_sin_mean,24,4
307,hist_weekofyear_sin_nunique,6,4
308,hist_weekofyear_sin_mean,4,4
309,hist_weekday_sin_nunique,0,4
310,hist_weekday_sin_mean,9,4
311,hist_day_sin_mean,2,4
312,hist_month_cos_nunique,4,4
313,hist_month_cos_mean,13,4
314,hist_hour_cos_nunique,0,4
315,hist_hour_cos_mean,5,4
316,hist_weekofyear_cos_nunique,12,4
317,hist_weekofyear_cos_mean,21,4
318,hist_weekday_cos_nunique,0,4
319,hist_weekday_cos_mean,1,4
320,hist_day_cos_nunique,0,4
321,hist_day_cos_mean,7,4
322,hist_purchase_amount_sum,0,4
323,hist_purchase_amount_max,0,4
324,hist_purchase_amount_min,0,4
325,hist_purchase_amount_mean,0,4
326,hist_purchase_amount_skew,0,4
327,hist_installments_sum,8,4
328,hist_installments_max,0,4
329,hist_installments_mean,3,4
330,hist_installments_skew,3,4
331,hist_purchase_date_max,8,4
332,hist_purchase_date_min,7,4
333,hist_month_lag_max,0,4
334,hist_month_lag_min,0,4
335,hist_month_lag_mean,11,4
336,hist_month_lag_skew,5,4
337,hist_month_diff_mean,8,4
338,hist_month_diff_skew,7,4
339,hist_category_1_mean,6,4
340,hist_price_sum,10,4
341,hist_price_mean,0,4
342,hist_price_max,0,4
343,hist_price_min,0,4
344,hist_price_var,9,4
345,hist_Christmas_Day_2017_mean,2,4
346,hist_Mothers_Day_2017_mean,7,4
347,hist_fathers_day_2017_mean,8,4
348,hist_Children_day_2017_mean,8,4
349,hist_Valentine_Day_2017_mean,14,4
350,hist_Black_Friday_2017_mean,0,4
351,hist_Mothers_Day_2018_mean,5,4
352,hist_duration_mean,9,4
353,hist_duration_min,1,4
354,hist_duration_max,0,4
355,hist_duration_var,4,4
356,hist_duration_skew,7,4
357,hist_amount_month_ratio_mean,7,4
358,hist_amount_month_ratio_min,0,4
359,hist_amount_month_ratio_max,0,4
360,hist_amount_month_ratio_var,5,4
361,hist_amount_month_ratio_skew,4,4
362,new_month_mean,4,4
363,new_hour_mean,1,4
364,new_weekofyear_mean,6,4
365,new_weekday_mean,10,4
366,new_day_nunique,1,4
367,new_day_mean,27,4
368,new_day_min,21,4
369,new_day_max,9,4
370,new_month_sin_mean,1,4
371,new_hour_sin_nunique,0,4
372,new_hour_sin_mean,10,4
373,new_weekofyear_sin_nunique,1,4
374,new_weekofyear_sin_mean,14,4
375,new_weekday_sin_nunique,0,4
376,new_weekday_sin_mean,1,4
377,new_day_sin_mean,11,4
378,new_month_cos_mean,11,4
379,new_hour_cos_nunique,0,4
380,new_hour_cos_mean,10,4
381,new_weekofyear_cos_nunique,1,4
382,new_weekofyear_cos_mean,16,4
383,new_weekday_cos_nunique,2,4
384,new_weekday_cos_mean,4,4
385,new_day_cos_nunique,0,4
386,new_day_cos_mean,3,4
387,new_purchase_amount_var,0,4
388,new_purchase_amount_skew,0,4
389,new_installments_var,0,4
390,new_installments_skew,0,4
391,new_month_lag_var,4,4
392,new_month_lag_skew,8,4
393,new_month_diff_var,1,4
394,new_month_diff_skew,3,4
395,new_weekend_mean,2,4
396,new_category_2_mean,1,4
397,new_category_3_mean,1,4
398,new_price_mean,3,4
399,new_price_max,0,4
400,new_price_min,0,4
401,new_price_var,0,4
402,new_Christmas_Day_2017_mean,6,4
403,new_Children_day_2017_mean,3,4
404,new_Black_Friday_2017_mean,0,4
405,new_Mothers_Day_2018_mean,9,4
406,new_duration_mean,0,4
407,new_duration_min,0,4
408,new_duration_max,0,4
409,new_duration_var,1,4
410,new_duration_skew,1,4
411,new_amount_month_ratio_mean,0,4
412,new_amount_month_ratio_min,0,4
413,new_amount_month_ratio_max,0,4
414,new_amount_month_ratio_var,3,4
415,new_amount_month_ratio_skew,0,4
416,new_category_2_mean_mean,0,4
417,new_category_3_mean_mean,0,4
418,new_purchase_date_average,20,4
419,new_purchase_date_uptonow,14,4
420,new_purchase_date_uptomin,7,4
421,card_id_cnt_ratio,10,4
422,purchase_amount_min,0,4
423,purchase_amount_ratio,4,4
424,month_diff_mean,4,4
425,month_diff_ratio,12,4
426,month_lag_max,3,4
427,month_lag_min,7,4
428,category_1_mean,14,4
429,installments_total,1,4
430,installments_mean,6,4
431,installments_max,0,4
432,installments_ratio,4,4
433,price_total,1,4
434,price_mean,3,4
435,price_max,1,4
436,duration_mean,2,4
437,duration_min,0,4
438,duration_max,0,4
439,amount_month_ratio_mean,4,4
440,amount_month_ratio_min,2,4
441,amount_month_ratio_max,0,4
442,new_CLV,15,4
443,hist_CLV,4,4
444,CLV_ratio,17,4
445,first_active_monthhigh_cos,0,4
446,first_active_monthhigh_sin,0,4
447,dayofweek_cos,0,4
448,dayofweek_sin,0,4
449,weekofyear_cos,0,4
450,weekofyear_sin,2,4
451,quartersmpl_cos,0,4
452,quartersmpl_sin,0,4
0,Unnamed: 0,0,5
1,feature_1high,10,5
2,feature_2high,22,5
3,feature_3high,18,5
4,elapsed_timehigh,3,5
5,first_active_year,0,5
6,hist_transactions_count,14,5
7,hist_category_1_sumhigh,20,5
8,hist_category_1_meanhigh,6,5
9,hist_category_2_1.0_mean,3,5
10,hist_category_2_2.0_mean,0,5
11,hist_category_2_3.0_mean,0,5
12,hist_category_2_4.0_mean,1,5
13,hist_category_2_5.0_mean,0,5
14,hist_category_3_A_mean,1,5
15,hist_category_3_B_mean,7,5
16,hist_category_3_C_mean,3,5
17,hist_merchant_id_nuniquehigh,0,5
18,hist_merchant_category_id_nuniquehigh,7,5
19,hist_state_id_nuniquehigh,1,5
20,hist_city_id_nuniquehigh,0,5
21,hist_subsector_id_nuniquehigh,4,5
22,hist_purchase_amount_sumhigh,21,5
23,hist_purchase_amount_meanhigh,9,5
24,hist_purchase_amount_maxhigh,6,5
25,hist_purchase_amount_minhigh,12,5
26,hist_purchase_amount_stdhigh,19,5
27,hist_installments_sumhigh,21,5
28,hist_installments_meanhigh,5,5
29,hist_installments_maxhigh,0,5
30,hist_installments_minhigh,0,5
31,hist_installments_stdhigh,7,5
32,hist_purchase_date_ptp,16,5
33,hist_purchase_date_minhigh,21,5
34,hist_purchase_date_maxhigh,12,5
35,hist_month_lag_meanhigh,18,5
36,hist_month_lag_maxhigh,7,5
37,hist_month_lag_minhigh,0,5
38,hist_month_lag_std,20,5
39,hist_month_diff_meanhigh,23,5
40,hist_purchase_year_nunique,0,5
41,hist_purchase_month_nunique,2,5
42,hist_purchase_hour_0_mean,1,5
43,hist_purchase_hour_1_mean,16,5
44,hist_purchase_hour_2_mean,10,5
45,hist_purchase_hour_3_mean,13,5
46,auth_transactions_count,7,5
47,auth_category_1_sum,21,5
48,auth_category_1_mean,19,5
49,auth_category_2_1.0_mean,3,5
50,auth_category_2_2.0_mean,0,5
51,auth_category_2_3.0_mean,0,5
52,auth_category_2_4.0_mean,0,5
53,auth_category_2_5.0_mean,6,5
54,auth_category_3_A_mean,0,5
55,auth_category_3_B_mean,5,5
56,auth_category_3_C_mean,0,5
57,auth_merchant_id_nunique,23,5
58,auth_merchant_category_id_nunique,3,5
59,auth_state_id_nunique,4,5
60,auth_city_id_nunique,6,5
61,auth_subsector_id_nunique,5,5
62,auth_purchase_amount_sum,12,5
63,auth_purchase_amount_mean,12,5
64,auth_purchase_amount_max,2,5
65,auth_purchase_amount_min,25,5
66,auth_purchase_amount_std,15,5
67,auth_installments_sum,2,5
68,auth_installments_mean,0,5
69,auth_installments_max,0,5
70,auth_installments_min,0,5
71,auth_installments_std,3,5
72,auth_purchase_date_ptp,33,5
73,auth_purchase_date_min,10,5
74,auth_purchase_date_max,8,5
75,auth_month_lag_mean,23,5
76,auth_month_lag_max,0,5
77,auth_month_lag_min,0,5
78,auth_month_lag_std,16,5
79,auth_month_diff_mean,14,5
80,auth_purchase_year_nunique,0,5
81,auth_purchase_month_nunique,44,5
82,auth_purchase_hour_0_mean,0,5
83,auth_purchase_hour_1_mean,3,5
84,auth_purchase_hour_2_mean,6,5
85,auth_purchase_hour_3_mean,3,5
86,new_transactions_count,1,5
87,new_category_1_sum,18,5
88,new_category_1_meansmpl,9,5
89,new_category_2_1.0_mean,0,5
90,new_category_2_2.0_mean,0,5
91,new_category_2_3.0_mean,1,5
92,new_category_2_4.0_mean,0,5
93,new_category_2_5.0_mean,0,5
94,new_category_3_A_mean,0,5
95,new_category_3_B_mean,5,5
96,new_category_3_C_mean,0,5
97,new_merchant_id_nuniquesmpl,4,5
98,new_merchant_category_id_nuniquesmpl,8,5
99,new_state_id_nunique,0,5
100,new_city_id_nunique,0,5
101,new_subsector_id_nuniquesmpl,1,5
102,new_purchase_amount_sumsmpl,13,5
103,new_purchase_amount_meansmpl,2,5
104,new_purchase_amount_maxsmpl,30,5
105,new_purchase_amount_minsmpl,6,5
106,new_purchase_amount_std,20,5
107,new_installments_sumsmpl,1,5
108,new_installments_meansmpl,4,5
109,new_installments_maxsmpl,0,5
110,new_installments_min,3,5
111,new_installments_std,1,5
112,new_purchase_date_ptp,49,5
113,new_purchase_date_minsmpl,9,5
114,new_purchase_date_maxsmpl,15,5
115,new_month_lag_meansmpl,42,5
116,new_month_lag_maxsmpl,0,5
117,new_month_lag_minsmpl,3,5
118,new_month_lag_std,9,5
119,new_month_diff_meansmpl,1,5
120,new_purchase_year_nunique,0,5
121,new_purchase_month_nunique,0,5
122,new_purchase_hour_0_mean,2,5
123,new_purchase_hour_1_mean,0,5
124,new_purchase_hour_2_mean,5,5
125,new_purchase_hour_3_mean,1,5
126,month_lag_meansmpl,22,5
127,month_lag_std,9,5
128,purchase_amount_count_mean,14,5
129,purchase_amount_count_std,1,5
130,purchase_amount_sum_mean,5,5
131,purchase_amount_sum_std,0,5
132,purchase_amount_mean_mean,21,5
133,purchase_amount_mean_std,4,5
134,purchase_amount_min_mean,10,5
135,purchase_amount_min_std,6,5
136,purchase_amount_max_mean,33,5
137,purchase_amount_max_std,15,5
138,purchase_amount_std_mean,16,5
139,purchase_amount_std_std,22,5
140,installments_sum_mean,1,5
141,installments_sum_std,6,5
142,installments_mean_mean,0,5
143,installments_mean_std,1,5
144,installments_min_mean,1,5
145,installments_min_std,2,5
146,installments_max_mean,1,5
147,installments_max_std,0,5
148,installments_std_mean,3,5
149,installments_std_std,2,5
150,authorized_flag_mean,35,5
151,category_1_purchase_amount_mean,11,5
152,category_1_purchase_amount_min,6,5
153,category_1_purchase_amount_max,7,5
154,category_1_purchase_amount_std,1,5
155,installments_purchase_amount_mean,8,5
156,installments_purchase_amount_min,19,5
157,installments_purchase_amount_max,8,5
158,installments_purchase_amount_std,6,5
159,city_id_purchase_amount_mean,5,5
160,city_id_purchase_amount_min,12,5
161,city_id_purchase_amount_max,21,5
162,city_id_purchase_amount_std,13,5
163,category_1_installments_mean,4,5
164,category_1_installments_min,6,5
165,category_1_installments_max,1,5
166,category_1_installments_std,4,5
167,hist_month_nuniquesmpl,6,5
168,hist_month_meansmpl,3,5
169,hist_month_minsmpl,0,5
170,hist_month_maxsmpl,0,5
171,hist_hour_nuniquesmpl,1,5
172,hist_hour_meansmpl,7,5
173,hist_hour_minsmpl,1,5
174,hist_hour_maxsmpl,1,5
175,hist_weekofyear_nuniquesmpl,12,5
176,hist_weekofyear_meansmpl,3,5
177,hist_weekofyear_minsmpl,2,5
178,hist_weekofyear_maxsmpl,4,5
179,hist_dayofweek_nunique,1,5
180,hist_dayofweek_mean,6,5
181,hist_dayofweek_min,0,5
182,hist_dayofweek_max,0,5
183,hist_purchase_amount_varsmpl,1,5
184,hist_installments_varsmpl,11,5
185,hist_purchase_date_nunique,4,5
186,hist_month_lag_varsmpl,19,5
187,hist_month_lag_nunique,9,5
188,hist_month_diff_minsmpl,0,5
189,hist_month_diff_maxsmpl,0,5
190,hist_month_diff_varsmpl,2,5
191,hist_month_diff_nunique,0,5
192,hist_authorized_flag_nunique,0,5
193,hist_weekend_sum,1,5
194,hist_weekend_meansmpl,8,5
195,hist_weekend_nunique,0,5
196,hist_year_nunique,0,5
197,hist_year_mean,1,5
198,hist_category_1_min,0,5
199,hist_category_1_max,0,5
200,hist_category_1_nunique,0,5
201,hist_category_1_std,8,5
202,hist_category_2_sum,10,5
203,hist_category_2_meansmpl,12,5
204,hist_category_2_min,0,5
205,hist_category_2_nunique,0,5
206,hist_category_2_std,4,5
207,hist_category_3_sum,8,5
208,hist_category_3_meansmpl,1,5
209,hist_category_3_min,0,5
210,hist_category_3_nunique,0,5
211,hist_category_3_std,10,5
212,hist_card_id_sizesmpl,4,5
213,hist_category_2_mean_meansmpl,14,5
214,hist_category_3_mean_meansmpl,12,5
215,hist_purchase_date_diffsmpl,14,5
216,hist_purchase_date_averagesmpl,11,5
217,hist_purchase_date_uptonowsmpl,10,5
218,hist_purchase_date_uptominsmpl,5,5
219,new_hist_merchant_id_nunique,0,5
220,new_hist_month_mean,2,5
221,new_hist_month_min,0,5
222,new_hist_month_max,1,5
223,new_hist_hour_nunique,1,5
224,new_hist_hour_mean,11,5
225,new_hist_hour_min,5,5
226,new_hist_hour_max,0,5
227,new_hist_weekofyear_nunique,1,5
228,new_hist_weekofyear_mean,4,5
229,new_hist_weekofyear_min,5,5
230,new_hist_weekofyear_max,4,5
231,new_hist_dayofweek_nunique,0,5
232,new_hist_dayofweek_mean,4,5
233,new_hist_dayofweek_min,1,5
234,new_hist_dayofweek_max,0,5
235,new_hist_purchase_amount_sum,13,5
236,new_hist_purchase_amount_max,41,5
237,new_hist_purchase_amount_min,0,5
238,new_hist_purchase_amount_mean,12,5
239,new_hist_purchase_amount_var,13,5
240,new_hist_purchase_amount_std,10,5
241,new_hist_installments_var,5,5
242,new_hist_purchase_date_max,6,5
243,new_hist_purchase_date_min,2,5
244,new_hist_purchase_date_nunique,1,5
245,new_hist_month_lag_var,7,5
246,new_hist_month_diff_mean,0,5
247,new_hist_month_diff_max,0,5
248,new_hist_month_diff_min,0,5
249,new_hist_month_diff_var,8,5
250,new_hist_month_diff_nunique,0,5
251,new_hist_weekend_sum,0,5
252,new_hist_weekend_mean,2,5
253,new_hist_weekend_nunique,0,5
254,new_hist_year_mean,0,5
255,new_hist_category_1_min,0,5
256,new_hist_category_1_nunique,0,5
257,new_hist_category_2_sum,0,5
258,new_hist_category_2_mean,1,5
259,new_hist_category_2_min,0,5
260,new_hist_category_2_nunique,0,5
261,new_hist_category_3_sum,1,5
262,new_hist_category_3_mean,0,5
263,new_hist_category_3_min,0,5
264,new_hist_category_3_nunique,0,5
265,new_hist_category_2_mean_mean,1,5
266,new_hist_category_3_mean_mean,3,5
267,new_hist_purchase_date_diff,22,5
268,new_hist_purchase_date_average,25,5
269,new_hist_purchase_date_uptonow,17,5
270,new_hist_purchase_date_uptomin,1,5
271,dayofyear,1,5
272,is_month_start,0,5
273,hist_first_buysmpl,12,5
274,hist_last_buysmpl,18,5
275,new_hist_first_buy,12,5
276,new_hist_last_buy,6,5
277,card_id_totalsmpl,8,5
278,purchase_amount_totalsmpl,10,5
279,purchase_amount_meansmpl,6,5
280,purchase_amount_maxsmpl,10,5
281,feature_1,0,5
282,feature_2,0,5
283,feature_3,0,5
284,elapsed_time,1,5
285,days_feature1,34,5
286,days_feature2,17,5
287,days_feature3,11,5
288,days_feature1_ratio,20,5
289,days_feature2_ratio,9,5
290,days_feature3_ratio,6,5
291,feature_sum,0,5
292,feature_mean,0,5
293,feature_max,0,5
294,feature_min,0,5
295,feature_var,0,5
296,hist_subsector_id_nunique,0,5
297,hist_merchant_id_nunique,15,5
298,hist_merchant_category_id_nunique,11,5
299,hist_weekday_mean,4,5
300,hist_day_nunique,0,5
301,hist_day_mean,5,5
302,hist_day_min,0,5
303,hist_month_sin_nunique,2,5
304,hist_month_sin_mean,0,5
305,hist_hour_sin_nunique,0,5
306,hist_hour_sin_mean,9,5
307,hist_weekofyear_sin_nunique,7,5
308,hist_weekofyear_sin_mean,5,5
309,hist_weekday_sin_nunique,0,5
310,hist_weekday_sin_mean,9,5
311,hist_day_sin_mean,1,5
312,hist_month_cos_nunique,6,5
313,hist_month_cos_mean,21,5
314,hist_hour_cos_nunique,1,5
315,hist_hour_cos_mean,33,5
316,hist_weekofyear_cos_nunique,1,5
317,hist_weekofyear_cos_mean,24,5
318,hist_weekday_cos_nunique,0,5
319,hist_weekday_cos_mean,9,5
320,hist_day_cos_nunique,2,5
321,hist_day_cos_mean,5,5
322,hist_purchase_amount_sum,3,5
323,hist_purchase_amount_max,0,5
324,hist_purchase_amount_min,0,5
325,hist_purchase_amount_mean,0,5
326,hist_purchase_amount_skew,0,5
327,hist_installments_sum,9,5
328,hist_installments_max,0,5
329,hist_installments_mean,2,5
330,hist_installments_skew,1,5
331,hist_purchase_date_max,12,5
332,hist_purchase_date_min,10,5
333,hist_month_lag_max,1,5
334,hist_month_lag_min,0,5
335,hist_month_lag_mean,16,5
336,hist_month_lag_skew,3,5
337,hist_month_diff_mean,8,5
338,hist_month_diff_skew,4,5
339,hist_category_1_mean,11,5
340,hist_price_sum,6,5
341,hist_price_mean,0,5
342,hist_price_max,0,5
343,hist_price_min,0,5
344,hist_price_var,13,5
345,hist_Christmas_Day_2017_mean,2,5
346,hist_Mothers_Day_2017_mean,11,5
347,hist_fathers_day_2017_mean,29,5
348,hist_Children_day_2017_mean,15,5
349,hist_Valentine_Day_2017_mean,18,5
350,hist_Black_Friday_2017_mean,4,5
351,hist_Mothers_Day_2018_mean,1,5
352,hist_duration_mean,24,5
353,hist_duration_min,2,5
354,hist_duration_max,0,5
355,hist_duration_var,3,5
356,hist_duration_skew,3,5
357,hist_amount_month_ratio_mean,8,5
358,hist_amount_month_ratio_min,2,5
359,hist_amount_month_ratio_max,0,5
360,hist_amount_month_ratio_var,15,5
361,hist_amount_month_ratio_skew,4,5
362,new_month_mean,2,5
363,new_hour_mean,5,5
364,new_weekofyear_mean,8,5
365,new_weekday_mean,5,5
366,new_day_nunique,0,5
367,new_day_mean,30,5
368,new_day_min,28,5
369,new_day_max,10,5
370,new_month_sin_mean,1,5
371,new_hour_sin_nunique,0,5
372,new_hour_sin_mean,14,5
373,new_weekofyear_sin_nunique,0,5
374,new_weekofyear_sin_mean,13,5
375,new_weekday_sin_nunique,0,5
376,new_weekday_sin_mean,0,5
377,new_day_sin_mean,14,5
378,new_month_cos_mean,8,5
379,new_hour_cos_nunique,0,5
380,new_hour_cos_mean,25,5
381,new_weekofyear_cos_nunique,0,5
382,new_weekofyear_cos_mean,20,5
383,new_weekday_cos_nunique,0,5
384,new_weekday_cos_mean,4,5
385,new_day_cos_nunique,0,5
386,new_day_cos_mean,10,5
387,new_purchase_amount_var,0,5
388,new_purchase_amount_skew,0,5
389,new_installments_var,2,5
390,new_installments_skew,3,5
391,new_month_lag_var,4,5
392,new_month_lag_skew,4,5
393,new_month_diff_var,0,5
394,new_month_diff_skew,0,5
395,new_weekend_mean,1,5
396,new_category_2_mean,0,5
397,new_category_3_mean,0,5
398,new_price_mean,3,5
399,new_price_max,0,5
400,new_price_min,0,5
401,new_price_var,5,5
402,new_Christmas_Day_2017_mean,7,5
403,new_Children_day_2017_mean,3,5
404,new_Black_Friday_2017_mean,0,5
405,new_Mothers_Day_2018_mean,13,5
406,new_duration_mean,0,5
407,new_duration_min,0,5
408,new_duration_max,0,5
409,new_duration_var,1,5
410,new_duration_skew,5,5
411,new_amount_month_ratio_mean,0,5
412,new_amount_month_ratio_min,0,5
413,new_amount_month_ratio_max,0,5
414,new_amount_month_ratio_var,4,5
415,new_amount_month_ratio_skew,0,5
416,new_category_2_mean_mean,0,5
417,new_category_3_mean_mean,0,5
418,new_purchase_date_average,31,5
419,new_purchase_date_uptonow,18,5
420,new_purchase_date_uptomin,5,5
421,card_id_cnt_ratio,13,5
422,purchase_amount_min,0,5
423,purchase_amount_ratio,9,5
424,month_diff_mean,5,5
425,month_diff_ratio,18,5
426,month_lag_max,2,5
427,month_lag_min,4,5
428,category_1_mean,31,5
429,installments_total,1,5
430,installments_mean,9,5
431,installments_max,1,5
432,installments_ratio,6,5
433,price_total,2,5
434,price_mean,12,5
435,price_max,0,5
436,duration_mean,7,5
437,duration_min,1,5
438,duration_max,0,5
439,amount_month_ratio_mean,4,5
440,amount_month_ratio_min,0,5
441,amount_month_ratio_max,0,5
442,new_CLV,22,5
443,hist_CLV,11,5
444,CLV_ratio,13,5
445,first_active_monthhigh_cos,0,5
446,first_active_monthhigh_sin,0,5
447,dayofweek_cos,2,5
448,dayofweek_sin,0,5
449,weekofyear_cos,0,5
450,weekofyear_sin,2,5
451,quartersmpl_cos,0,5
452,quartersmpl_sin,0,5
